<keymap version="1" name="VSCode (macOS) copy" parent="VSCode OSX">
  <action id="ActivateCommitToolWindow" />
  <action id="ActivateFavoritesToolWindow" />
  <action id="ActivateFindToolWindow" />
  <action id="ActivateProblemsViewToolWindow" />
  <action id="ActivateProjectToolWindow" />
  <action id="ActivateServicesToolWindow" />
  <action id="ActivateStructureToolWindow" />
  <action id="Console.Jdbc.Execute.2">
    <keyboard-shortcut first-keystroke="f8" />
  </action>
  <action id="DuplicatesForm.SendToLeft" />
  <action id="DuplicatesForm.SendToRight" />
  <action id="FileChooser.GotoHome" />
  <action id="FileChooser.GotoModule" />
  <action id="FileChooser.GotoProject" />
  <action id="Go To Tab #1">
    <keyboard-shortcut first-keystroke="meta 1" />
  </action>
  <action id="Go To Tab #10">
    <keyboard-shortcut first-keystroke="meta 0" />
  </action>
  <action id="Go To Tab #2">
    <keyboard-shortcut first-keystroke="meta 2" />
  </action>
  <action id="Go To Tab #3">
    <keyboard-shortcut first-keystroke="meta 3" />
  </action>
  <action id="Go To Tab #4">
    <keyboard-shortcut first-keystroke="meta 4" />
  </action>
  <action id="Go To Tab #5">
    <keyboard-shortcut first-keystroke="meta 5" />
  </action>
  <action id="Go To Tab #6">
    <keyboard-shortcut first-keystroke="meta 6" />
  </action>
  <action id="Go To Tab #7">
    <keyboard-shortcut first-keystroke="meta 7" />
  </action>
  <action id="Go To Tab #8">
    <keyboard-shortcut first-keystroke="meta 8" />
  </action>
  <action id="Go To Tab #9">
    <keyboard-shortcut first-keystroke="meta 9" />
  </action>
  <action id="Switch To Last Tab">
    <keyboard-shortcut first-keystroke="alt period" />
  </action>
  <action id="Switch To Tab #1">
    <keyboard-shortcut first-keystroke="alt 1" />
    <keyboard-shortcut first-keystroke="meta 1" />
  </action>
  <action id="Switch To Tab #10">
    <keyboard-shortcut first-keystroke="alt 0" />
    <keyboard-shortcut first-keystroke="meta 0" />
  </action>
  <action id="Switch To Tab #2">
    <keyboard-shortcut first-keystroke="alt 2" />
    <keyboard-shortcut first-keystroke="meta 2" />
  </action>
  <action id="Switch To Tab #3">
    <keyboard-shortcut first-keystroke="alt 3" />
  </action>
  <action id="Switch To Tab #4">
    <keyboard-shortcut first-keystroke="alt 4" />
    <keyboard-shortcut first-keystroke="meta 4" />
  </action>
  <action id="Switch To Tab #5">
    <keyboard-shortcut first-keystroke="alt 5" />
    <keyboard-shortcut first-keystroke="meta 5" />
  </action>
  <action id="Switch To Tab #6">
    <keyboard-shortcut first-keystroke="alt 6" />
    <keyboard-shortcut first-keystroke="meta 6" />
  </action>
  <action id="Switch To Tab #7">
    <keyboard-shortcut first-keystroke="alt 7" />
    <keyboard-shortcut first-keystroke="meta 7" />
  </action>
  <action id="Switch To Tab #8">
    <keyboard-shortcut first-keystroke="alt 8" />
    <keyboard-shortcut first-keystroke="meta 8" />
  </action>
  <action id="Switch To Tab #9">
    <keyboard-shortcut first-keystroke="alt 9" />
    <keyboard-shortcut first-keystroke="meta 9" />
  </action>
</keymap>