<profile version="1.0">
  <option name="myName" value="Default" />
  <inspection_tool class="DuplicatedCode" enabled="true" level="WEAK WARNING" enabled_by_default="true">
    <Languages>
      <language minSize="48" name="Python" />
    </Languages>
  </inspection_tool>
  <inspection_tool class="Eslint" enabled="true" level="WARNING" enabled_by_default="true" />
  <inspection_tool class="JSHint" enabled="true" level="ERROR" enabled_by_default="true" />
  <inspection_tool class="PyPackageRequirementsInspection" enabled="true" level="WARNING" enabled_by_default="true">
    <option name="ignoredPackages">
      <value>
        <list size="186">
          <item index="0" class="java.lang.String" itemvalue="Babel" />
          <item index="1" class="java.lang.String" itemvalue="Flask-BabelPlus" />
          <item index="2" class="java.lang.String" itemvalue="python-dateutil" />
          <item index="3" class="java.lang.String" itemvalue="kombu" />
          <item index="4" class="java.lang.String" itemvalue="MarkupSafe" />
          <item index="5" class="java.lang.String" itemvalue="redis" />
          <item index="6" class="java.lang.String" itemvalue="Pygments" />
          <item index="7" class="java.lang.String" itemvalue="certifi" />
          <item index="8" class="java.lang.String" itemvalue="flask-whooshee" />
          <item index="9" class="java.lang.String" itemvalue="vine" />
          <item index="10" class="java.lang.String" itemvalue="Flask-Caching" />
          <item index="11" class="java.lang.String" itemvalue="Werkzeug" />
          <item index="12" class="java.lang.String" itemvalue="click" />
          <item index="13" class="java.lang.String" itemvalue="simplejson" />
          <item index="14" class="java.lang.String" itemvalue="Flask-Redis" />
          <item index="15" class="java.lang.String" itemvalue="click-log" />
          <item index="16" class="java.lang.String" itemvalue="enum34" />
          <item index="17" class="java.lang.String" itemvalue="idna" />
          <item index="18" class="java.lang.String" itemvalue="alembic" />
          <item index="19" class="java.lang.String" itemvalue="Whoosh" />
          <item index="20" class="java.lang.String" itemvalue="pluggy" />
          <item index="21" class="java.lang.String" itemvalue="SQLAlchemy" />
          <item index="22" class="java.lang.String" itemvalue="Flask-DebugToolbar" />
          <item index="23" class="java.lang.String" itemvalue="requests" />
          <item index="24" class="java.lang.String" itemvalue="python-editor" />
          <item index="25" class="java.lang.String" itemvalue="speaklater" />
          <item index="26" class="java.lang.String" itemvalue="Flask-Login" />
          <item index="27" class="java.lang.String" itemvalue="celery" />
          <item index="28" class="java.lang.String" itemvalue="flaskbb-plugin-portal" />
          <item index="29" class="java.lang.String" itemvalue="SQLAlchemy-Utils" />
          <item index="30" class="java.lang.String" itemvalue="urllib3" />
          <item index="31" class="java.lang.String" itemvalue="Flask-Limiter" />
          <item index="32" class="java.lang.String" itemvalue="itsdangerous" />
          <item index="33" class="java.lang.String" itemvalue="billiard" />
          <item index="34" class="java.lang.String" itemvalue="limits" />
          <item index="35" class="java.lang.String" itemvalue="Flask" />
          <item index="36" class="java.lang.String" itemvalue="six" />
          <item index="37" class="java.lang.String" itemvalue="amqp" />
          <item index="38" class="java.lang.String" itemvalue="Flask-Themes2" />
          <item index="39" class="java.lang.String" itemvalue="mistune" />
          <item index="40" class="java.lang.String" itemvalue="flask-allows" />
          <item index="41" class="java.lang.String" itemvalue="WTForms" />
          <item index="42" class="java.lang.String" itemvalue="Flask-Alembic" />
          <item index="43" class="java.lang.String" itemvalue="Unidecode" />
          <item index="44" class="java.lang.String" itemvalue="Flask-Mail" />
          <item index="45" class="java.lang.String" itemvalue="olefile" />
          <item index="46" class="java.lang.String" itemvalue="pytz" />
          <item index="47" class="java.lang.String" itemvalue="Pillow" />
          <item index="48" class="java.lang.String" itemvalue="repr" />
          <item index="49" class="java.lang.String" itemvalue="flask-sqlalchemy" />
          <item index="50" class="java.lang.String" itemvalue="psycopg2-binary" />
          <item index="51" class="java.lang.String" itemvalue="gunicorn" />
          <item index="52" class="java.lang.String" itemvalue="flake8" />
          <item index="53" class="java.lang.String" itemvalue="metric-client" />
          <item index="54" class="java.lang.String" itemvalue="oslo.log" />
          <item index="55" class="java.lang.String" itemvalue="schedule" />
          <item index="56" class="java.lang.String" itemvalue="sentry-sdk" />
          <item index="57" class="java.lang.String" itemvalue="retrying" />
          <item index="58" class="java.lang.String" itemvalue="Flask-Docs" />
          <item index="59" class="java.lang.String" itemvalue="flask" />
          <item index="60" class="java.lang.String" itemvalue="line_profiler" />
          <item index="61" class="java.lang.String" itemvalue="jsonschema" />
          <item index="62" class="java.lang.String" itemvalue="tzlocal" />
          <item index="63" class="java.lang.String" itemvalue="greenlet" />
          <item index="64" class="java.lang.String" itemvalue="debtcollector" />
          <item index="65" class="java.lang.String" itemvalue="PyYAML" />
          <item index="66" class="java.lang.String" itemvalue="pickleshare" />
          <item index="67" class="java.lang.String" itemvalue="py" />
          <item index="68" class="java.lang.String" itemvalue="aliyun-python-sdk-highddos" />
          <item index="69" class="java.lang.String" itemvalue="rfc3986" />
          <item index="70" class="java.lang.String" itemvalue="ipython-genutils" />
          <item index="71" class="java.lang.String" itemvalue="elasticsearch" />
          <item index="72" class="java.lang.String" itemvalue="Flask-PageDown" />
          <item index="73" class="java.lang.String" itemvalue="aliyun-python-sdk-core-v3" />
          <item index="74" class="java.lang.String" itemvalue="mccabe" />
          <item index="75" class="java.lang.String" itemvalue="monotonic" />
          <item index="76" class="java.lang.String" itemvalue="gevent" />
          <item index="77" class="java.lang.String" itemvalue="xlrd" />
          <item index="78" class="java.lang.String" itemvalue="Flask-WTF" />
          <item index="79" class="java.lang.String" itemvalue="jupyter-client" />
          <item index="80" class="java.lang.String" itemvalue="pexpect" />
          <item index="81" class="java.lang.String" itemvalue="Flask-SQLAlchemy" />
          <item index="82" class="java.lang.String" itemvalue="ipykernel" />
          <item index="83" class="java.lang.String" itemvalue="attrs" />
          <item index="84" class="java.lang.String" itemvalue="psutil" />
          <item index="85" class="java.lang.String" itemvalue="prettytable" />
          <item index="86" class="java.lang.String" itemvalue="jedi" />
          <item index="87" class="java.lang.String" itemvalue="regex" />
          <item index="88" class="java.lang.String" itemvalue="oss2" />
          <item index="89" class="java.lang.String" itemvalue="aliyun-python-sdk-ecs" />
          <item index="90" class="java.lang.String" itemvalue="PyMySQL" />
          <item index="91" class="java.lang.String" itemvalue="Mako" />
          <item index="92" class="java.lang.String" itemvalue="msgpack" />
          <item index="93" class="java.lang.String" itemvalue="powerline-status" />
          <item index="94" class="java.lang.String" itemvalue="decorator" />
          <item index="95" class="java.lang.String" itemvalue="netifaces" />
          <item index="96" class="java.lang.String" itemvalue="sevencow" />
          <item index="97" class="java.lang.String" itemvalue="cffi" />
          <item index="98" class="java.lang.String" itemvalue="Flask-WhooshAlchemyPlus" />
          <item index="99" class="java.lang.String" itemvalue="pycodestyle" />
          <item index="100" class="java.lang.String" itemvalue="aliyun-python-sdk-bssopenapi" />
          <item index="101" class="java.lang.String" itemvalue="oslo.i18n" />
          <item index="102" class="java.lang.String" itemvalue="pyOpenSSL" />
          <item index="103" class="java.lang.String" itemvalue="ruamel.yaml.clib" />
          <item index="104" class="java.lang.String" itemvalue="aliyun-python-sdk-dds" />
          <item index="105" class="java.lang.String" itemvalue="prompt-toolkit" />
          <item index="106" class="java.lang.String" itemvalue="aliyun-python-sdk-yundun" />
          <item index="107" class="java.lang.String" itemvalue="blinker" />
          <item index="108" class="java.lang.String" itemvalue="tornado" />
          <item index="109" class="java.lang.String" itemvalue="Flask-Cors" />
          <item index="110" class="java.lang.String" itemvalue="Flask-HTTPAuth" />
          <item index="111" class="java.lang.String" itemvalue="iso8601" />
          <item index="112" class="java.lang.String" itemvalue="aliyun-python-sdk-dts" />
          <item index="113" class="java.lang.String" itemvalue="dateparser" />
          <item index="114" class="java.lang.String" itemvalue="qiniu" />
          <item index="115" class="java.lang.String" itemvalue="aliyun-python-sdk-r-kvstore" />
          <item index="116" class="java.lang.String" itemvalue="toml" />
          <item index="117" class="java.lang.String" itemvalue="aliyun-python-sdk-vpc" />
          <item index="118" class="java.lang.String" itemvalue="aliyun-python-sdk-dms-enterprise" />
          <item index="119" class="java.lang.String" itemvalue="Flask-Migrate" />
          <item index="120" class="java.lang.String" itemvalue="pylint" />
          <item index="121" class="java.lang.String" itemvalue="aliyun-python-sdk-cas" />
          <item index="122" class="java.lang.String" itemvalue="isort" />
          <item index="123" class="java.lang.String" itemvalue="pycryptodome" />
          <item index="124" class="java.lang.String" itemvalue="traitlets" />
          <item index="125" class="java.lang.String" itemvalue="protobuf" />
          <item index="126" class="java.lang.String" itemvalue="aliyun-python-sdk-bss" />
          <item index="127" class="java.lang.String" itemvalue="Click" />
          <item index="128" class="java.lang.String" itemvalue="astroid" />
          <item index="129" class="java.lang.String" itemvalue="aliyun-python-sdk-cms" />
          <item index="130" class="java.lang.String" itemvalue="demjson" />
          <item index="131" class="java.lang.String" itemvalue="Flask-Cache" />
          <item index="132" class="java.lang.String" itemvalue="pyzmq" />
          <item index="133" class="java.lang.String" itemvalue="pyparsing" />
          <item index="134" class="java.lang.String" itemvalue="guppy3" />
          <item index="135" class="java.lang.String" itemvalue="memory-profiler" />
          <item index="136" class="java.lang.String" itemvalue="dnspython" />
          <item index="137" class="java.lang.String" itemvalue="aliyun-python-sdk-alidns" />
          <item index="138" class="java.lang.String" itemvalue="Flask-Script" />
          <item index="139" class="java.lang.String" itemvalue="aliyun-python-sdk-nas" />
          <item index="140" class="java.lang.String" itemvalue="wrapt" />
          <item index="141" class="java.lang.String" itemvalue="aliyun-python-sdk-slb" />
          <item index="142" class="java.lang.String" itemvalue="appnope" />
          <item index="143" class="java.lang.String" itemvalue="bcrypt" />
          <item index="144" class="java.lang.String" itemvalue="Flask-Moment" />
          <item index="145" class="java.lang.String" itemvalue="oslo.context" />
          <item index="146" class="java.lang.String" itemvalue="backcall" />
          <item index="147" class="java.lang.String" itemvalue="oslo.serialization" />
          <item index="148" class="java.lang.String" itemvalue="pbr" />
          <item index="149" class="java.lang.String" itemvalue="jupyter-core" />
          <item index="150" class="java.lang.String" itemvalue="jieba" />
          <item index="151" class="java.lang.String" itemvalue="ptyprocess" />
          <item index="152" class="java.lang.String" itemvalue="aliyun-python-sdk-rds" />
          <item index="153" class="java.lang.String" itemvalue="yapf" />
          <item index="154" class="java.lang.String" itemvalue="more-itertools" />
          <item index="155" class="java.lang.String" itemvalue="rope" />
          <item index="156" class="java.lang.String" itemvalue="wcwidth" />
          <item index="157" class="java.lang.String" itemvalue="crcmod" />
          <item index="158" class="java.lang.String" itemvalue="Jinja2" />
          <item index="159" class="java.lang.String" itemvalue="crtime" />
          <item index="160" class="java.lang.String" itemvalue="eventlet" />
          <item index="161" class="java.lang.String" itemvalue="netaddr" />
          <item index="162" class="java.lang.String" itemvalue="bson" />
          <item index="163" class="java.lang.String" itemvalue="aliyun-python-sdk-polardb" />
          <item index="164" class="java.lang.String" itemvalue="oslo.utils" />
          <item index="165" class="java.lang.String" itemvalue="pyflakes" />
          <item index="166" class="java.lang.String" itemvalue="stevedore" />
          <item index="167" class="java.lang.String" itemvalue="parso" />
          <item index="168" class="java.lang.String" itemvalue="pytest" />
          <item index="169" class="java.lang.String" itemvalue="ruamel.yaml" />
          <item index="170" class="java.lang.String" itemvalue="ipython" />
          <item index="171" class="java.lang.String" itemvalue="xlwt" />
          <item index="172" class="java.lang.String" itemvalue="packaging" />
          <item index="173" class="java.lang.String" itemvalue="oslo.config" />
          <item index="174" class="java.lang.String" itemvalue="aliyun-python-sdk-domain" />
          <item index="175" class="java.lang.String" itemvalue="chardet" />
          <item index="176" class="java.lang.String" itemvalue="jmespath" />
          <item index="177" class="java.lang.String" itemvalue="lazy-object-proxy" />
          <item index="178" class="java.lang.String" itemvalue="aliyun-log-python-sdk" />
          <item index="179" class="java.lang.String" itemvalue="aliyun-python-sdk-kms" />
          <item index="180" class="java.lang.String" itemvalue="ssh-proxy" />
          <item index="181" class="java.lang.String" itemvalue="mysqlclient" />
          <item index="182" class="java.lang.String" itemvalue="alibabacloud-alidns20150109" />
          <item index="183" class="java.lang.String" itemvalue="alibabacloud_domain20180129" />
          <item index="184" class="java.lang.String" itemvalue="alibabacloud_cs20151215" />
          <item index="185" class="java.lang.String" itemvalue="cryptography" />
        </list>
      </value>
    </option>
  </inspection_tool>
  <inspection_tool class="PyUnresolvedReferencesInspection" enabled="true" level="WARNING" enabled_by_default="true">
    <option name="ignoredIdentifiers">
      <list>
        <option value="src.db.fault.FaultModel.query" />
        <option value="src.db.tech_review.TechReviewModel.query" />
        <option value="src.db.manage_review.ManageReviewModel.query" />
        <option value="src.app.flask_docs" />
        <option value="src.db.demo.TrainModel.query" />
        <option value="src.db.modular.ModularModel.query" />
        <option value="src.db.template.ModularModel.query" />
        <option value="src.db.train.TrainModel.query" />
      </list>
    </option>
  </inspection_tool>
</profile>