<application>
  <component name="FileTypeManager" version="18">
    <ignoreFiles list="*$py.class;*.pyc;*.pyo;*.rbc;*.yarb;*~;.DS_Store;.git;.hg;.svn;CVS;__pycache__;_svn;vssver.scc;vssver2.scc" />
    <extensionMap>
      <mapping pattern="config" type="AUTO_DETECTED" />
      <mapping pattern="work_record" type="PLAIN_TEXT" />
      <mapping pattern="uid" type="PLAIN_TEXT" />
      <mapping ext="seg" type="PLAIN_TEXT" />
      <mapping ext="bak" type="PLAIN_TEXT" />
      <mapping ext="eot" type="PLAIN_TEXT" />
    </extensionMap>
  </component>
</application>