<keymap version="1" name="VSCode (macOS) copy" parent="VSCode OSX">
  <action id="ActivateCommitToolWindow" />
  <action id="ActivateFavoritesToolWindow" />
  <action id="ActivateFindToolWindow" />
  <action id="ActivateProblemsViewToolWindow" />
  <action id="ActivateServicesToolWindow" />
  <action id="ActivateStructureToolWindow" />
  <action id="DuplicatesForm.SendToLeft" />
  <action id="DuplicatesForm.SendToRight" />
  <action id="FileChooser.GotoHome" />
  <action id="FileChooser.GotoModule" />
  <action id="FileChooser.GotoProject" />
  <action id="Go To Tab #1">
    <keyboard-shortcut first-keystroke="meta 1" />
  </action>
  <action id="Go To Tab #10">
    <keyboard-shortcut first-keystroke="meta 0" />
  </action>
  <action id="Go To Tab #2">
    <keyboard-shortcut first-keystroke="meta 2" />
  </action>
  <action id="Go To Tab #3">
    <keyboard-shortcut first-keystroke="meta 3" />
  </action>
  <action id="Go To Tab #4">
    <keyboard-shortcut first-keystroke="meta 4" />
  </action>
  <action id="Go To Tab #5">
    <keyboard-shortcut first-keystroke="meta 5" />
  </action>
  <action id="Go To Tab #6">
    <keyboard-shortcut first-keystroke="meta 6" />
  </action>
  <action id="Go To Tab #7">
    <keyboard-shortcut first-keystroke="meta 7" />
  </action>
  <action id="Go To Tab #8">
    <keyboard-shortcut first-keystroke="meta 8" />
  </action>
  <action id="Go To Tab #9">
    <keyboard-shortcut first-keystroke="meta 9" />
  </action>
</keymap>