<application>
  <component name="FileTypeManager" version="18">
    <extensionMap>
      <mapping pattern=".ideavimrc" type="PLAIN_TEXT" />
      <mapping pattern="wbdev" type="PLAIN_TEXT" />
      <mapping pattern="sp-kubeconfig" type="PLAIN_TEXT" />
      <mapping pattern="wb-kubeconfig" type="PLAIN_TEXT" />
      <mapping pattern=".gitkeep" type="PLAIN_TEXT" />
      <mapping pattern="local-kubeconf" type="PLAIN_TEXT" />
      <mapping ext="bak" type="PLAIN_TEXT" />
      <mapping ext="ini" type="PLAIN_TEXT" />
    </extensionMap>
  </component>
</application>