<application>
  <component name="GoSdkList">
    <sdk-url>
      <set>
        <option value="" />
        <option value="file://" />
        <option value="file://$USER_HOME$/.g/go" />
        <option value="file://$USER_HOME$/.g/versions/1.14.13" />
        <option value="file://$USER_HOME$/.g/versions/1.16.8" />
        <option value="file:///usr/local/go" />
        <option value="file:///usr/local/go1.12" />
        <option value="file:///usr/local/opt/go/libexec" />
      </set>
    </sdk-url>
  </component>
</application>